"Timestamp","Username","Full name","Creator / Brand Name","Email Address","Phone Number (WhatsApp preferred)","City & Country","Primary Platform","Profile Link(s)","Category / Niche","Total Followers / Subscribers
Average Views (last 10 posts/videos)
Engagement Rate (if known)
Audience Location (Top 3 cities/countries)(answer all in points 1,2,3,4 if possible)","Minimum Price per Reel/Post (₹)
Minimum Price per Story (₹)
Package Price (if any)
Open to: (Checkboxes)
Long-term collaborations
Performance-based pricing
Bulk deals at reduced rates(Answer all in points accordingly or give best pricing accordingly)
Ugc creation price ","Deliverables You Offer

","NDA(non disclosure agreement )","Anything Else?
Past brand collaborations / notes"
"2026/07/22 2:40:16 pm GMT+5:30","uttarakhandybdigital@gmail.com","Yogesh Bhatt","Uttarakhand YB Digital","uttarakhandybdigital@gmail.com","7579176831","Rishikesh, Uttarakhand, India.","Instagram","https://www.instagram.com/uttarakhandyb.digital/","Local / City-based","1. 11,700+ Followers
2. 20K+ average views

4. Rishikesh Dehradun Haridwar (Uttarakhand) Audience
","1. Per reel : ₹3000 Per Post : ₹2000
2. Per story : ₹1000
Open to paid & long term collaborations","Reel;Static Post;Story (1 / 2 / 3+);YouTube Integration;Dedicated Video;Link in Bio;Comment Pin;Deliverables completely depends on the budget & pricing finalised for the campaign or deal.","I agree to sign an NDA if selected I confirm all information shared is accurate I understand false data may lead to blacklisting","Past collabs with homestays, cafes & stores in Dehradun & Rishikesh."
"2026/07/26 12:27:23 pm GMT+5:30","kaushikanshska@gmail.com","Anushka Kaushik","Anushka Kaushik","kaushikanshska@gmail.com","9650079111","delhi India","Instagram","https://www.instagram.com/aanushkaanexttdoorr?igsh=em12MHY2c3oyaHJi&utm_source=qr","Local / City-based;Fashion","2023
highest 1.8m
average 
delhi,haryana,mumbai","5k-6k
2k-3k
rest depends on the quality and quantity ","Reel;Static Post;Story (1 / 2 / 3+)","I agree to sign an NDA if selected I confirm all information shared is accurate I understand false data may lead to blacklisting",""
"2026/07/26 8:29:13 pm GMT+5:30","musclestroke.art@gmail.com","Arnav Gupta","Musclestroke_art","musclestroke.art@gmail.com","8081317188","New Delhi, India","Instagram","https://www.instagram.com/musclestroke_art?igsh=amM2bWVrbDlzMGhu&utm_source=qr","Art","6802
1.1M
India
Pakistan
Usa","₹3000/post
₹1000/story
","Reel;Static Post;Story (1 / 2 / 3+);Dedicated Video","I agree to sign an NDA if selected I confirm all information shared is accurate I understand false data may lead to blacklisting","Yes"
"2026/07/27 6:04:13 pm GMT+5:30","charika04girl@gmail.com","Charika Mehra","Charika Mehra","charika04girl@gmail.com","9582600478","India, Delhi","Instagram","https://www.instagram.com/charika.mehra?igsh=ZnpxMTR2N2trZnY0&utm_source=qr

","Education;Tech;Fashion;Lifestyle;Food","1. 1955(followers)
2. 1,66,030 (avg views)
3. India, Pakistan, Nepal
","1.minimum price per reel- ₹2500
2.minimum price per story-₹400
3.package price(1reel+2stories)-₹2800
package price(2 Reels + 3 Stories)- ₹5,000
Open to long-term collaborations, performance-based pricing, and bulk deals at discounted rates.","Reel;Static Post;Story (1 / 2 / 3+);Link in Bio;Comment Pin","I agree to sign an NDA if selected I confirm all information shared is accurate I understand false data may lead to blacklisting","i made a reel for an educational platform once"
"2026/07/27 8:54:19 pm GMT+5:30","mahigoyal3117@gmail.com","Mahi Goyal","@mahhiii_g","mahigoyal3117@gmail.com","7373737449","Delhi, India","Instagram","https://www.instagram.com/mahhiii_g?igsh=MzA2cWR4bTVuaDh0&utm_source=qr","Lifestyle","1. 868
2.50-70k average (total 475k views in last 30 days)
3.don’t know
4. India ( delhi, gurgaon, Ghaziabad)","1 and 2 can be discussed accordingly 
Open to: 1. Long term collab
","Reel;Static Post;Story (1 / 2 / 3+)","I agree to sign an NDA if selected I confirm all information shared is accurate I understand false data may lead to blacklisting",""
"2026/07/28 12:38:52 am GMT+5:30","malvikasiroha@gmail.com","Malvika","simplymalvika ","Malvikasiroha@gmail.com","7011931715","Delhi India ","Instagram","https://www.instagram.com/simplymalvika?igsh=MWU4Zjdsazg1bnpzdA%3D%3D&utm_source=qr","Fashion;Lifestyle;Beauty","1. 31k.followers  2.  20k avg views.   4. India UAE pakistan   ","Minimum price per reel 700 
Minimum price per story 200 
Packages 
1 reel 2 stories 1000 
1 reel 1 post 800 
3 stories 500 

Open to long term collabs 
Can function with or without performance 

No such bulk rates other than mentioned packages ","Reel;Static Post;Story (1 / 2 / 3+);Comment Pin","I agree to sign an NDA if selected I confirm all information shared is accurate I understand false data may lead to blacklisting",""
"2026/07/28 10:07:32 am GMT+5:30","sarthakghai77@gmail.com","Sarthak ghai","Sarthak ghai","Sarthakghai77@gmail.com","9711926268","Delhi","Instagram","https://www.instagram.com/sarthak_ghaii?igsh=MXZ1aXN0ejYwanRocA%3D%3D&utm_source=qr","Fitness;Food","2200
3000+","Reel- 1500
story-500
Package price:- 5000-10000
Yes","Reel;Story (1 / 2 / 3+);Link in Bio;Comment Pin","I agree to sign an NDA if selected I confirm all information shared is accurate I understand false data may lead to blacklisting",""
"2026/07/28 10:34:10 am GMT+5:30","ak2303402@gmail.com","Ankit","Ankit.k.09","ak2303402@gmail.com","8882948289","New Delhi","Instagram;YouTube;","https://www.instagram.com/ankit.k.09?igsh=MWpuNHVya3V0aThodg%3D%3D&utm_source=qr","Fitness;Lifestyle","95k/49k,93millions+(delhi,banglore,chennai)","25kper reel
4-5k per story 
Long term collaboration ","Reel;Static Post;Story (1 / 2 / 3+);YouTube Integration;Dedicated Video;Link in Bio;Comment Pin;","I agree to sign an NDA if selected I confirm all information shared is accurate I understand false data may lead to blacklisting","Asitis, Pintola,others "
"2026/07/28 10:49:51 pm GMT+5:30","tanyaghiofficial@gmail.com","Tanya","@whoistanaaa","tanyaghiofficial@gmail.com","9416400702","Bengaluru","Instagram","https://www.instagram.com/whoistanaaa?igsh=MXhqNDRxNmN1YjVm&utm_source=qr","Fashion","6.5k
500k (dashboard)
Bangalore>Delhi>Mumbai
","5k - collab reel
3k - non-collab/ugc
2k - monthly ad rights","Reel;Dedicated Video","I agree to sign an NDA if selected I confirm all information shared is accurate I understand false data may lead to blacklisting",""
"2026/07/29 12:38:29 am GMT+5:30","ananyabhatia2727@gmail.com","Ananya Bhatia","@ananyaanotpanday","ananyabhatia2727@gmail.com","8882790870","India, Faridabad","Instagram","https://www.instagram.com/ananyaanotpanday?igsh=MWc0MXk4ZHJ3YTZ5dA==
","Fashion;Lifestyle","1. 1667
2. 10k
3. 300k
4. Faridabad, Delhi","Reel/ post = ₹1000-2000
Story: ₹300- 700
UCG VIDEO: ₹1000-2000
","Reel;Story (1 / 2 / 3+)","I agree to sign an NDA if selected I confirm all information shared is accurate I understand false data may lead to blacklisting",""
"2026/07/29 9:13:02 am GMT+5:30","ankrena0610@gmail.com","Ankit kumar","ankren","ankrena0610@gmail.com","8368813838","Delhi ( india )","Instagram","https://www.instagram.com/ankrena?igsh=bTBodmlsbXh6NG13","Lifestyle;Food;Couple reels ","4983 , 11.3million , 3000 , india, ","
10000
5000
","Reel;Static Post;Story (1 / 2 / 3+);YouTube Integration","I agree to sign an NDA if selected I confirm all information shared is accurate I understand false data may lead to blacklisting",""
"2026/07/29 9:41:55 pm GMT+5:30","ankitadwivedi302005@gmail.com","Ankita Dwivedi","Yourfirst100K","ankita@aliasai.co","7982899240","Noida, India","Instagram","https://www.instagram.com/yourfirst.100k?igsh=cmZlZHFrZTF0cjBx&utm_source=qr","Education;Tech;AI, financial independence","1. 10.2k followers
2. 27k views
3. 800%
4. Bangalore, Delhi, Mumbai

","Minimum Price per Reel/Post (₹) - 8,000 - 12,000
Minimum Price per Story (₹) - 2,000
Package Price (if any) -  10,000 ( 1 Reel + 1 Story ), 20,000 ( 1 Reel+1 Story + Link in Bio)
Open to: (Checkboxes) - 
Long-term collaborations - Depends on terms
Bulk deals at reduced rates - Depends
Ugc creation price - 4k - 5k","Reel;Static Post;Story (1 / 2 / 3+);Dedicated Video;Link in Bio;Comment Pin","I agree to sign an NDA if selected I confirm all information shared is accurate I understand false data may lead to blacklisting","I am currently doing 3 partner collabs , at the rates i have given earlier."
"2026/07/29 11:40:30 pm GMT+5:30","contactaanchallp@gmail.com","Aanchal Pandey","Aanchal Pandey","contactaanchallp@gmail.com","9354034575","New Delhi, India","Instagram","https://www.instagram.com/aanchallp?igsh=MWVheXhraXhpM2pkbg%3D%3D&utm_source=qr","Fashion;Lifestyle;Food","2705
Don’t know 
1. Delhi 2. Noida 3. Gurugram 4. Ghaziabad","2000
350
Package 2200 (Reel + Story)
1500 per reel
No
1500 per reel
2000 per reel + ad rights","Reel;Story (1 / 2 / 3+);Dedicated Video;Link in Bio;Comment Pin","I agree to sign an NDA if selected I confirm all information shared is accurate I understand false data may lead to blacklisting","Checkout my Instagram page"
"2026/07/30 12:27:09 am GMT+5:30","shreyasup2667@gmail.com","Shreya singh","Creator- Shreya Singh ","Shreyasup2667@gmail.com","8208649205","Delhi and India ","Instagram","https://www.instagram.com/sh.reyya_26?igsh=NTZoYTZqMHZmdWRw&utm_source=ig_contact_invite","Fitness;Fashion;Lifestyle;Food","12200
14300
Idk
Delhi, Pune, Mumbai ","4000
1500
Open for long term collaboration 
UGC- 7000","Reel;Static Post;Story (1 / 2 / 3+);YouTube Integration;Dedicated Video;Link in Bio;Comment Pin","I agree to sign an NDA if selected I confirm all information shared is accurate I understand false data may lead to blacklisting",""
"2026/08/02 12:42:51 pm GMT+5:30","katariafanish@gmail.com","Fanish Kataria ","Fanish.x","Katariafanish@gmail.com","9999593499","Delhi India ","Instagram;YouTube","https://www.instagram.com/fanish.x?igsh=MWJjZ2g5NXA3dW0yYg%3D%3D&utm_source=qr","Fashion;Lifestyle;Food","Instagram followers - 4.3k 
YouTube subscribe-700
Reach - 20M","1reel & 1 story - 3k","Reel;Story (1 / 2 / 3+)","I agree to sign an NDA if selected I confirm all information shared is accurate I understand false data may lead to blacklisting","I have collaborated with bla bli blu , Wendy in past and many brands "
"2026/08/02 1:39:58 pm GMT+5:30","sachinwork878@gmail.com","Sachin Yadav","Sachin Yadav","sachinwork878@gmail.com","8920955969","Noida - India","Instagram","https://www.instagram.com/sachin_ydv2528?igsh=aHBxdHpxdjJtbXhq&utm_source=qr","Fitness;Fashion;Lifestyle","5k average views, India - Delhi, Bangalore ","Reel - 4K, Story - 1k, 1month ad rights 4k","Reel;Static Post;Story (1 / 2 / 3+)","I agree to sign an NDA if selected I confirm all information shared is accurate I understand false data may lead to blacklisting","Philips, Beardo, Ethiglo, DoveMen"